﻿<RootObject Assembly="RockBlaster" Type="RockBlaster.PlayerStyleSheet">
  <TurnRate Type="System.Double, mscorlib">6</TurnRate>
  <ShipThrust Type="System.Double, mscorlib">600</ShipThrust>
  <Friction Type="System.Double, mscorlib">0.99</Friction>
  <DistanceToFrontOfShip Type="System.Double, mscorlib">10</DistanceToFrontOfShip>
  <DamageOnCollide Type="System.Double, mscorlib">100</DamageOnCollide>
  <FireSound Type="Gaming.Game.AssetReference`1[[Gaming.Audio.Sound, Gaming]], Gaming" AssetName="PlayerSmallShot" />
</RootObject>